abbr,expansion,category,ambiguous,alt_expansions,match,note
자소서,자기소개서,서류,N,,prefix,
자소,자기소개서,서류,N,,word,자소 첨삭 등
포폴,포트폴리오,서류,N,,prefix,
레주메,이력서,서류,N,,prefix,resume
레쥬메,이력서,서류,N,,prefix,
CV,이력서,서류,N,,word,
JD,직무기술서,서류,N,,word,
경기서,경험기술서,서류,N,,prefix,
경력기술,경력기술서,서류,N,,prefix,
인적성,인적성검사,전형,N,,prefix,
코테,코딩테스트,전형,N,,prefix,
PT면,PT 면접,전형,N,,prefix,
AI면,AI 면접,전형,N,,prefix,
임원면,임원 면접,전형,N,,prefix,
실무면,실무 면접,전형,N,,prefix,
최종면,최종 면접,전형,N,,prefix,
1차면,1차 면접,전형,N,,prefix,
2차면,2차 면접,전형,N,,prefix,
1면,1차 면접,전형,N,,word,
2면,2차 면접,전형,N,,word,
서탈,서류 탈락,결과,N,,prefix,
서합,서류 합격,결과,N,,prefix,
필합,필기 합격,결과,N,,prefix,
필탈,필기 탈락,결과,N,,prefix,
면탈,면접 탈락,결과,N,,prefix,
최합,최종 합격,결과,N,,prefix,
최탈,최종 탈락,결과,N,,prefix,
광탈,빠르게 탈락,결과,N,,prefix,
불합,불합격,결과,N,,prefix,
합,합격,결과,Y,합계|합치다,word,단독으로 쓰일 때만. 뜻이 여러 개라 자동 치환 안 함
취준,취업준비,취업,N,,prefix,취준생 → 취업준비생. 띄우면 흔한 단어 준비가 늘어 퍼지 정확도가 떨어져 붙여 씀
이준,이직 준비,취업,Y,사람 이름,word,이름과 겹침
공채,공개채용,채용,N,,prefix,
수시,수시채용,채용,Y,대학 수시 입시,word,
상시,상시채용,채용,Y,항상,word,
인담,인사담당자,채용,N,,prefix,
현직,현직자,채용,N,,prefix,
중고신입,경력 있는 신입,채용,N,,prefix,
신입사원,신입,채용,N,,prefix,
HR,인사,직무,N,,word,
CS,고객서비스,직무,Y,컴퓨터공학,word,
PM,프로젝트 매니저,직무,Y,프로덕트 매니저|오후,word,
PO,프로덕트 오너,직무,N,,word,
MD,상품기획자,직무,N,,word,
QA,품질보증,직무,N,,word,
QC,품질관리,직무,N,,word,
R&D,연구개발,직무,N,,word,
FE,프론트엔드,직무,N,,word,
BE,백엔드,직무,N,,word,
SI,시스템통합,직무,N,,word,
데분,데이터 분석,직무,N,,prefix,
데싸,데이터 사이언티스트,직무,N,,prefix,
개발직,개발 직무,직무,N,,prefix,
영업직,영업 직무,직무,N,,prefix,
중견,중견기업,기업,N,,prefix,
중소,중소기업,기업,N,,prefix,
공기관,공공기관,기업,N,,prefix,
외국계,외국계 기업,기업,N,,word,
정처기,정보처리기사,자격,N,,prefix,
컴활,컴퓨터활용능력,자격,N,,prefix,
한능검,한국사능력검정시험,자격,N,,prefix,
한국사,한국사능력검정시험,자격,Y,한국사 과목,word,
토스,토익스피킹,자격,Y,토스(회사),word,
토스피,토익스피킹,자격,N,,prefix,
오픽,OPIc,자격,N,,prefix,
TOEIC,토익,자격,N,,word,
NCS,직업기초능력평가,자격,N,,word,
대외활,대외활동,경험,N,,prefix,
학연생,학부연구생,경험,N,,prefix,
부캠,부트캠프,경험,N,,prefix,
국비,국비지원 교육,경험,N,,word,
내배카,국민내일배움카드,경험,N,,prefix,
플젝,프로젝트,경험,N,,prefix,
프젝,프로젝트,경험,N,,prefix,
팀플,팀 프로젝트,경험,N,,prefix,
알바,아르바이트,경험,N,,prefix,
졸유,졸업 유예,학력,N,,prefix,
졸예,졸업 예정,학력,N,,prefix,
지거국,지방 거점 국립대,학력,N,,prefix,
문송,문과,학력,N,,prefix,문송합니다
경단,경력 단절,경력,N,,prefix,경단녀 → 경력 단절녀
처협,처우 협의,입사,N,,prefix,
레퍼체크,평판조회,입사,N,,prefix,
칼퇴,정시 퇴근,근무,N,,prefix,
어케,어떻게,채팅,N,,word,
어캐,어떻게,채팅,N,,word,
어떡게,어떻게,채팅,N,,word,
머,뭐,채팅,N,,word,머리 등 다른 단어 속에서는 바꾸지 않음
모해,뭐 해,채팅,N,,word,
왜케,왜 이렇게,채팅,N,,word,
왤케,왜 이렇게,채팅,N,,word,
넘,너무,채팅,N,,word,
걍,그냥,채팅,N,,word,
젤,제일,채팅,N,,word,
첨,처음,채팅,N,,word,
쫌,좀,채팅,N,,word,
갠적,개인적,채팅,N,,prefix,
괜춘,괜찮,채팅,N,,prefix,
할라면,하려면,채팅,N,,word,
할려면,하려면,채팅,N,,word,
될려면,되려면,채팅,N,,word,
담,다음,채팅,Y,담당,word,
낼,내일,채팅,Y,(서류를) 내다,word,
ㄱㅊ,괜찮,채팅,N,,prefix,
ㄹㅇ,진짜,채팅,N,,prefix,
ㅈㅅ,죄송,채팅,N,,word,
ㅊㅋ,축하,채팅,N,,word,
좋소기업,중소기업,기업,N,,prefix,좋소보다 먼저 적용(중소기업기업 방지)
좋소,중소기업,기업,N,,prefix,비하 표현
좃소,중소기업,기업,N,,prefix,비하 표현
좆소,중소기업,기업,N,,prefix,비하 표현. 비속어 사전의 좆보다 먼저 적용해야 뜻이 남음
좇소,중소기업,기업,N,,prefix,비하 표현 오타형
좆견,중견기업,기업,N,,prefix,비하 표현
좃견,중견기업,기업,N,,prefix,비하 표현
좋견,중견기업,기업,N,,prefix,비하 표현
털림,어려움,채팅,N,,word,면접에서 털림
털렸음,어려움을 겪었음,채팅,N,,word,
털렸,어려움을 겪었,채팅,N,,prefix,털렸다 → 어려움을 겪었다
뒤짐,어려움,채팅,N,,word,비속어 사전 뒤질 행(뒤질래·뒤져라)과는 다른 뜻
쉬었음 청년,구직·취업준비 활동을 하지 않는 청년,취업,N,,word,쉬었음보다 먼저 적용
쉬었음청년,구직·취업준비 활동을 하지 않는 청년,취업,N,,word,
쉬어짐 청년,구직·취업준비 활동을 하지 않는 청년,취업,N,,word,
쉬었음,구직·취업준비 활동을 하지 않음,취업,Y,쉬었다(휴식),word,어제 쉬었음 같은 일반 문장과 겹침
쉼대남,구직 활동을 하지 않는 20대 남자,취업,N,,prefix,비하 표현
쉰대남,구직 활동을 하지 않는 20대 남자,취업,N,,prefix,비하 표현
이대남,20대 남자,인구,N,,prefix,
이대녀,20대 여자,인구,N,,prefix,
삼대남,30대 남자,인구,N,,prefix,
영포티,40대,인구,N,,prefix,젊은 척하는 40대를 비꼬는 표현
2030,20~30대,인구,N,,word,숫자만 단독으로 쓰일 때
3040,30~40대,인구,N,,word,
4050,40~50대,인구,N,,word,
씹,매우,강조,N,,prefix,씹가능·씹인정 같은 강조 접두어. 씹새·씹창 같은 욕설은 비속어 사전이 먼저 지움
ㅆ,매우,강조,Y,ㅆㅂ(욕설),prefix,ㅆ가능 같은 강조 접두어. ㅆㅂ·ㅆ1ㅂ는 비속어 사전이 먼저 지워야 함
취붕이,취업준비생,취업,N,,prefix,취업 갤러리 자칭
취뽀,취업 성공,취업,N,,prefix,
칼취업,졸업 직후 취업,취업,N,,prefix,
칼졸업,바로 졸업,학력,N,,prefix,
공시생,공무원 시험 준비생,취업,N,,prefix,
개백수,무직자,취업,N,,word,백수보다 먼저 적용
백수,무직자,취업,N,,word,
노가다,건설 현장 일,근무,N,,prefix,일용직 의미로도 씀
대겹,대기업,기업,N,,prefix,오타형
공겹,공기업,기업,N,,prefix,오타형
금공,금융공기업,기업,N,,prefix,
하꼬,규모가 작은,기업,N,,word,하꼬 회사 → 규모가 작은 회사
장비사,반도체 장비회사,기업,N,,prefix,
소부장,소재·부품·장비,기업,N,,prefix,
삼전,삼성전자,기업,N,,prefix,
하닉,SK하이닉스,기업,N,,prefix,
삼하,삼성전자·SK하이닉스,기업,N,,word,
현기모,현대자동차·기아·현대모비스,기업,N,,word,현기보다 먼저 적용
현기,현대자동차·기아,기업,Y,현기증,word,
지삿,GSAT,전형,N,,prefix,
지쌋,GSAT,전형,N,,prefix,
지샛,GSAT,전형,N,,prefix,
슥시티,SKCT,전형,N,,prefix,
슼시티,SKCT,전형,N,,prefix,
슼씨티,SKCT,전형,N,,prefix,
역검,역량검사,전형,N,,prefix,
인성탈,인성검사 탈락,결과,N,,prefix,
적성탈,적성검사 탈락,결과,N,,prefix,
인적탈,인적성 탈락,결과,N,,prefix,
피뽑떨,채용 검진 후 탈락,결과,N,,prefix,
압면,압박 면접,전형,N,,prefix,
인면,인성 면접,전형,N,,word,
병풍,다대다 면접에서 질문을 거의 받지 못함,전형,Y,병풍(가구),word,
면스,면접 스터디,경험,N,,prefix,
취스,취업 스터디,경험,N,,prefix,
자스,자기소개서 스터디,경험,N,,word,
채연형,채용연계형,채용,N,,prefix,
티오,채용 인원,채용,N,,prefix,TO
TO,채용 인원,채용,N,,word,
난사,대량 지원,채용,N,,word,서류 난사
쌩신입,경력 없는 신입,채용,N,,prefix,
생신입,경력 없는 신입,채용,N,,prefix,
복포,복지포인트,근무,N,,prefix,
워라밸,일과 삶의 균형,근무,N,,prefix,
워라벨,일과 삶의 균형,근무,N,,prefix,오타형
풀초근,초과근무 최대치,근무,N,,prefix,초근보다 먼저 적용
초근,초과근무,근무,N,,prefix,
포괄,포괄임금제,근무,Y,포괄적,word,
짤림,잘림,근무,N,,word,수습 짤림
짤렸,잘렸,근무,N,,prefix,
수습짤,수습 기간 해고,근무,N,,prefix,
뒷담,험담,근무,N,,prefix,
블라,블라인드(직장인 커뮤니티),채용,Y,블라인드 채용,word,
잡플,잡플래닛,채용,N,,word,잡플래닛 안에서 다시 바뀌지 않게 word
자소설,자소설닷컴,채용,N,,word,
링커,링커리어,채용,N,,word,
오카,오픈카톡,채팅,N,,prefix,
워홀,워킹홀리데이,경험,N,,prefix,
학고,학사경고,학력,N,,prefix,
막학기,마지막 학기,학력,N,,prefix,
지잡대,지방 대학,학력,N,,prefix,비하 표현
지잡,지방 대학,학력,N,,word,비하 표현
인서울,서울 소재 대학,학력,N,,prefix,
초대졸,전문대 졸업,학력,N,,prefix,
미필,군 미필,학력,Y,,word,
전화기,전자·화학·기계공학,학력,Y,전화기(기기),word,공대 계열 묶음 표현
전전,전자전기공학,학력,N,,word,
컴공,컴퓨터공학,학력,N,,prefix,
산공,산업공학,학력,N,,prefix,
화공,화학공학,학력,N,,prefix,
산디,산업디자인,학력,N,,prefix,
시디,시각디자인,학력,Y,CD,word,
공기,공정기술,직무,Y,공기(air),word,
생기,생산기술,직무,Y,생기(활력),word,
회설,회로설계,직무,N,,prefix,
해영,해외영업,직무,N,,prefix,
영관,영업관리,직무,N,,prefix,
쌍기사,기사 자격증 2개,자격,N,,prefix,
빅분기,빅데이터분석기사,자격,N,,prefix,
실글,실용글쓰기,자격,N,,prefix,
현타,현실 자각,채팅,N,,prefix,
멘붕,정신적 충격,채팅,N,,prefix,
빡센,힘든,채팅,N,,word,
빡셈,힘듦,채팅,N,,word,
빡세,힘들,채팅,N,,prefix,빡세다 → 힘들다
조졌,망쳤,채팅,N,,prefix,인생 조졌다
조진,망친,채팅,N,,prefix,
ㅈ됐,망했,채팅,N,,prefix,비속어 사전의 ㅈ 계열보다 먼저 적용
좆됐,망했,채팅,N,,prefix,
좆되,망하,채팅,N,,prefix,
ㅈ되,망하,채팅,N,,prefix,
나락,몰락,채팅,N,,word,
나가리,무산,채팅,N,,prefix,
떡락,급락,채팅,N,,prefix,
떡상,급상승,채팅,N,,prefix,
날먹,쉽게 얻음,채팅,N,,prefix,날로 먹기
꿀빨,쉽게 이득을 보,채팅,N,,prefix,꿀빨았다 → 쉽게 이득을 보았다
개꿀,매우 좋음,채팅,N,,word,
억까,부당한 비난,채팅,N,,prefix,
얼타,헤매,채팅,N,,prefix,얼타다 → 헤매다
솔까말,솔직히 말해서,채팅,N,,prefix,솔까보다 먼저 적용
솔까,솔직히,채팅,N,,prefix,
레알,진짜,채팅,N,,word,
찐,진짜,채팅,Y,찐따(비속어),word,찐 백수 → 진짜 백수
ㅇㅈ,인정,채팅,N,,word,
ㅇㅇ,응,채팅,N,,word,
ㄴㄴ,아니,채팅,N,,word,
개추,추천,채팅,N,,prefix,
념글,인기글,채팅,N,,prefix,개념글
뭔,무슨,채팅,N,,word,
살자,자살,채팅,Y,살자(살아가자),word,취업갤에서 자살을 돌려 말하는 표현. 위험 신호로 따로 표시 권장
ㅅㅈ,자살,채팅,Y,,word,위험 신호로 따로 표시 권장
