word,pattern,type,severity,action,note
씨발,[씨시쒸쓰][^\s가-힣a-z]*[발빨벌8팔](?![전표점달굽생레])(?:놈|년|아|라|롬)?,욕설,3,remove,시발점·공시 발표·씨발전 오탐 방지 | 시벌레 오탐 방지 추가(2026-10-06)
씨1발,[씨시][1!l|][발빨],욕설,3,remove,숫자 끼워넣기
ㅅㅂ,[ㅅㅆ]\s?[ㅂㅃ],초성,3,remove,
ㅅ1ㅂ,ㅅ[1!l|]ㅂ,초성,3,remove,
tlqkf,tlqkf,자판,3,remove,한글 자판을 영문으로 친 시발
18,(?:^|(?<=\s))18(?=\s*[!?.~ㅋㅠㅜ]*\s*$),숫자,2,remove,문장 끝에 단독으로 올 때만
C8,[cC]8(?![0-9])|씨8|시8,숫자,3,remove,
좆,좆|졷,욕설,3,remove,
좆같,족같|조까|ㅈ같|ㅈ도,욕설,3,remove,
존나,(?<![가-힣])(?:존[나니내낸]|졸[라래]|존1나|조낸|존ㄴ)|ㅈㄴ,강조어,2,remove,뒤 문장은 유지
개(강조),(?<![가-힣\d])개(?=\s?(?:어렵|어려|힘들|힘듦|빡세|빡쳐|빡침|짜증|못|좋|많|적|쩔|노답|별로|구려|구리|싫|무섭|무서|떨려|떨림|긴장|길|높|낮|비싸|꿀|이득|웃|불리|유리|애매|헷갈|막막|답답|부럽|쉽|쉬|쎄|센|노잼|중요|빡)),강조어,1,remove,소개·개발·개인 등 단어 속 개와 몇 개 같은 수량은 제외
개새끼,개\s?새[끼키기]|개색[기히]|개섀끼|ㄱㅅㄲ,욕설,3,remove,
새끼,새[끼키]|색[기히]|ㅅㄲ|섀끼,욕설,3,remove,
병신,병[신싄딱]|븅[신딱]|빙[신딱]|ㅂㅅ|ㅄ|qudtls,비하,3,remove,
지랄,지랄|ㅈㄹ|wlfkf,욕설,3,remove,
미친,(?<!을 )(?<!를 )(?<!에 )(?<![을를에])미친(?!다)(?:놈|년|새끼|거|듯이|듯)?|ㅁㅊ|미1친,욕설,2,remove,영향을 미친 오탐 방지
또라이,또라이|돌아이|똘아이,비하,2,remove,
닥쳐,닥쳐|닥치라고|닥치세요|닥ㅊ|ㄷㅊ,욕설,2,remove,닥치는 대로는 정상 표현
꺼져,꺼져라?|ㄲㅈ,욕설,2,remove,
염병,염병|얌병,욕설,3,remove,
엠창,엠창|앰창,욕설,3,remove,
니미,(?<![가-힣])니미(?![니넘])|느금|ㄴㄱㅁ,욕설,3,remove,
씹,씹(?:창|새|덕|할|년|놈|같|구|련|팔|탱)|ㅆ[1!]?ㅂ,욕설,3,remove,단독 씹은 강조 접두어라 줄임말 사전에서 매우로 바꿈(2026-10-06 변경)
썅,썅|쌍놈|쌍년|쌍욕,욕설,3,remove,
엿같,엿\s?같|엿\s?먹,욕설,2,remove,
빡치,빡[치쳐침친]|빡돌|ㅃㅊ,강조어,1,remove,빡세다는 남김
젠장,젠장|제기랄|제길,욕설,1,remove,
빌어먹을,빌어먹을|빌어처먹을|망할 놈|망할 것,욕설,1,remove,회사 망할까요는 정상 질문
처먹,처먹|쳐먹,욕설,2,remove,
쓰레기,쓰레기\s?같은|쓰렉|쓰래기,비하,2,remove,
꼴통,꼴통,비하,2,remove,
멍청,멍청(?:이|한|하)|멍충,비하,1,remove,
등신,(?<![가-힣])등신|ㄷㅅ,비하,2,remove,등 신청 오탐 방지
호구,(?<![가-힣])호구(?![가-힣]),비하,1,remove,호구조사 오탐 방지
찐따,찐따|ㅉㄸ,비하,2,remove,
틀딱,틀딱,비하,3,remove,
벌레(충),급식충|틀딱충|맘충|한남충|진지충|설명충|일베충|노인충,비하,2,remove,보충·확충 같은 정상 단어는 제외
한남,(?<![가-힣])한남(?:충|들)?(?!동|대|역|오거리)(?=[이가은는을를도들의에과와랑]|[^가-힣]|$),비하,3,remove,"한남동 오탐 방지 | 조사 붙은 형태 허용(2026-10-06), 한남동·한남대 제외"
김치녀,김치녀|된장녀|김치남,비하,3,remove,
애미,(?<![가-힣])애[미비](?![래술]),욕설,3,remove,
fuck,f[u*]+c?k|fxxk|fuxk|ㅗ,외국어,3,remove,
shit,sh[i!1]t|shxt,외국어,2,remove,
damn,\bdamn\b,외국어,1,remove,
bitch,b[i!1]tch|bxxch,외국어,3,remove,
ㅈ밥,ㅈ\s?밥|좆\s?밥,비하,2,remove,
ㅈ망,ㅈ\s?망|좆\s?망|족망,강조어,2,remove,
개망,(?<![가-힣\d])개\s?망(?:함|했다|했어|했|해|침|친)?,강조어,1,remove,면접 개망했다
노답,(?<![가-힣])노답(?![가-힣]),강조어,1,remove,
헬조선,헬조선,비하,1,remove,
X같,[xX]\s?같,욕설,3,remove,
뒤질,뒤질래|뒤져라|뒤지겠|디질|뒈질|뒈져|뒈진,욕설,2,remove,경쟁에서 뒤진은 정상 표현
죽여,죽여\s?(?:버|삐)|주겨,욕설,3,remove,
꼰대,(?<![가-힣])꼰대(?:짓)?(?![가-힣]),비하,1,mask,뜻이 있는 단어라 지우지 않고 표시만
씨부랄,[씨시][부뿌]랄|씨발롬|씨빨|시벌(?!레)|씨벌,욕설,3,remove,씨뿌랄·시벌 변형. 시벌레 오탐 방지
좇같,좇\s?같|좇되|좇갗,욕설,3,remove,좇다(꿈을 좇다) 정상 동사와 구분해 같·되만 잡음
좆본,좆본|좆한민국|헬좆선,비하,2,remove,
새끼 변형,쉐[끼키]|쌔[끼키]|쎄[끼키]|새기들|색기들,욕설,3,remove,새기다(정상 동사)는 들이 붙을 때만 잡음
개쓰레기,개\s?쓰레기|걔쓰레기|쓰레기\s?새끼,비하,2,remove,
앰생,앰생|엠생|애미생,비하,3,remove,인생 낙오자 비하
버러지,버러지|벌레\s?새끼,비하,2,remove,
폐급,(?<![가-힣])폐급(?=[이가은는을를도들의에과와랑]|[^가-힣]|$),비하,1,mask,군대식 비하. 뜻이 있어 표시만
식충이,식충이,비하,2,remove,
빡통,빡대가리|빡통,비하,2,remove,
한녀,(?<![가-힣])한녀(?:들|충)?(?=[이가은는을를도들의에과와랑]|[^가-힣]|$),비하,3,remove,한남 행과 짝
충(추가),출근충|백수충|공시충|취준충|문송충|좆소충|쉬었음충,비하,2,remove,기존 벌레(충) 행에 없는 취업 관련 충
ㅇㅈㄹ,ㅇㅈㄹ|(?<![가-힣])[이그]\s?지랄,욕설,2,remove,지랄 행의 ㅈㄹ만 지우면 ㅇ이 남는 문제 보완
깝치,깝치|깝죽,비하,1,remove,
개병신,개\s?병신|좆병신|개븅신,비하,3,remove,병신 행보다 먼저 적용해야 개가 남지 않음
쳐놀,쳐\s?놀|처\s?놀(?!라),욕설,1,remove,쳐먹 행과 같은 계열. 처놀라(놀라다) 오탐 방지
도태남,(?<![가-힣])도태[남녀](?:들)?(?=[이가은는을를도들의에과와랑]|[^가-힣]|$),비하,1,mask,도태남·도태녀 같은 사람 비하만
